ID,First Detection,Last Detection,Detections,Observation Duration,Scenario,Camera Name,Area
2602398,2025-10-15 17:29:35,2025-10-15 17:29:35,1,0s,ppe:overall,C24,Filling Balance
2602327,2025-10-15 17:20:28,2025-10-15 17:20:28,1,0s,ppe:overall,C24,Filling Balance
2602308,2025-10-15 17:18:44,2025-10-15 17:18:44,1,0s,ppe:overall,C9,Warehouse
2602308,2025-10-15 17:18:44,2025-10-15 17:18:44,1,0s,ppe:overall,C9,Loading bay
2602307,2025-10-15 17:18:23,2025-10-15 17:18:23,1,0s,ppe:overall,C21,Production Area (ATEX zone)
2602306,2025-10-15 17:18:15,2025-10-15 17:18:15,1,0s,ppe:overall,C21,Production Area (ATEX zone)
2602273,2025-10-15 17:14:48,2025-10-15 17:14:48,1,0s,ppe:overall,C24,Filling Balance
2602252,2025-10-15 17:11:48,2025-10-15 17:11:48,1,0s,ppe:overall,C24,Filling Balance
2602245,2025-10-15 17:10:45,2025-10-15 17:10:48,8,2s,Person Near Hit,C22,Warehouse
2602227,2025-10-15 17:08:12,2025-10-15 17:08:17,2,4s,ppe:overall,C21,Production Area (ATEX zone)
2602221,2025-10-15 17:05:43,2025-10-15 17:05:43,1,0s,ppe:overall,C24,Filling Balance
2602219,2025-10-15 17:04:56,2025-10-15 17:04:56,1,0s,ppe:overall,C24,Filling Balance
2602217,2025-10-15 17:04:23,2025-10-15 17:04:23,1,0s,ppe:overall,C24,Filling Balance
2602210,2025-10-15 17:02:16,2025-10-15 17:02:22,3,6s,ppe:overall,C21,Production Area (ATEX zone)
2602208,2025-10-15 17:01:42,2025-10-15 17:01:42,1,0s,ppe:overall,C24,Filling Balance
2602203,2025-10-15 17:00:54,2025-10-15 17:01:34,2,39s,ppe:overall,C24,Filling Balance
2602193,2025-10-15 17:00:02,2025-10-15 17:00:09,3,6s,ppe:overall,C24,Filling Balance
2602178,2025-10-15 16:58:10,2025-10-15 16:58:36,5,26s,ppe:overall,C24,Filling Balance
2602173,2025-10-15 16:57:30,2025-10-15 16:57:54,4,24s,ppe:overall,C24,Filling Balance
2602170,2025-10-15 16:56:54,2025-10-15 16:56:54,1,0s,ppe:overall,C20,Production Area (ATEX zone)
2602168,2025-10-15 16:56:23,2025-10-15 16:56:23,1,0s,ppe:overall,C24,Filling Balance
2602167,2025-10-15 16:56:17,2025-10-15 16:56:17,1,0s,ppe:overall,C24,Filling Balance
2602165,2025-10-15 16:55:58,2025-10-15 16:55:58,1,0s,ppe:overall,C24,Filling Balance
2602161,2025-10-15 16:55:32,2025-10-15 16:55:32,1,0s,ppe:overall,C24,Filling Balance
2602157,2025-10-15 16:54:58,2025-10-15 16:54:58,1,0s,ppe:overall,C28,Production Area (ATEX zone)
2602154,2025-10-15 16:54:38,2025-10-15 16:54:48,3,10s,ppe:overall,C24,Filling Balance
2602151,2025-10-15 16:53:56,2025-10-15 16:53:56,3,0s,Person Near Hit,C23,Production Area (ATEX zone)
2602145,2025-10-15 16:53:25,2025-10-15 16:53:25,1,0s,ppe:overall,C24,Filling Balance
2602142,2025-10-15 16:52:31,2025-10-15 16:52:31,1,0s,ppe:overall,C24,Filling Balance
2602134,2025-10-15 16:49:16,2025-10-15 16:49:16,1,0s,ppe:overall,C20,Production Area (ATEX zone)
2602133,2025-10-15 16:48:34,2025-10-15 16:48:34,1,0s,Person Near Hit,C23,Production Area (ATEX zone)
2602124,2025-10-15 16:42:30,2025-10-15 16:42:30,1,0s,ppe:overall,C24,Filling Balance
2602123,2025-10-15 16:42:08,2025-10-15 16:42:08,1,0s,ppe:overall,C24,Filling Balance
2602119,2025-10-15 16:41:13,2025-10-15 16:41:13,1,0s,ppe:overall,C21,Production Area (ATEX zone)
2602112,2025-10-15 16:39:56,2025-10-15 16:39:56,1,0s,ppe:overall,C21,Production Area (ATEX zone)
2602105,2025-10-15 16:38:45,2025-10-15 16:38:45,1,0s,ppe:overall,C24,Filling Balance
2602096,2025-10-15 16:37:09,2025-10-15 16:37:12,2,3s,ppe:overall,C21,Production Area (ATEX zone)
2602095,2025-10-15 16:37:04,2025-10-15 16:37:04,1,0s,ppe:overall,C23,Production Area (ATEX zone)
2602086,2025-10-15 16:35:10,2025-10-15 16:35:20,3,9s,ppe:overall,C24,Filling Balance
2602085,2025-10-15 16:34:48,2025-10-15 16:34:52,2,4s,ppe:overall,C24,Filling Balance
2602084,2025-10-15 16:34:04,2025-10-15 16:34:04,1,0s,ppe:overall,C24,Filling Balance
2602083,2025-10-15 16:33:53,2025-10-15 16:33:53,1,0s,ppe:overall,C24,Filling Balance
2602039,2025-10-15 16:21:04,2025-10-15 16:21:04,1,0s,ppe:overall,C24,Filling Balance
2601990,2025-10-15 16:00:21,2025-10-15 16:00:21,1,0s,ppe:overall,C23,Production Area (ATEX zone)
2601988,2025-10-15 16:00:02,2025-10-15 16:00:02,1,0s,ppe:overall,C23,Production Area (ATEX zone)
2601986,2025-10-15 15:58:56,2025-10-15 15:58:56,1,0s,ppe:overall,C23,Production Area (ATEX zone)
2601983,2025-10-15 15:58:21,2025-10-15 15:58:21,1,0s,ppe:overall,C23,Production Area (ATEX zone)
2601975,2025-10-15 15:55:44,2025-10-15 15:55:44,1,0s,ppe:overall,C23,Production Area (ATEX zone)
2601972,2025-10-15 15:55:04,2025-10-15 15:55:08,2,4s,ppe:overall,C23,Production Area (ATEX zone)
2601964,2025-10-15 15:47:39,2025-10-15 15:47:39,1,0s,Person Near Hit,C23,Production Area (ATEX zone)
2601963,2025-10-15 15:47:05,2025-10-15 15:47:15,2,10s,ppe:overall,C23,Production Area (ATEX zone)
2601833,2025-10-15 15:15:21,2025-10-15 15:15:24,6,2s,Person Near Hit,C20,Production Area (ATEX zone)
2601808,2025-10-15 15:08:08,2025-10-15 15:08:08,1,0s,ppe:overall,C9,Warehouse
2601808,2025-10-15 15:08:08,2025-10-15 15:08:08,1,0s,ppe:overall,C9,Loading bay
2601807,2025-10-15 15:08:00,2025-10-15 15:08:00,1,0s,ppe:overall,C9,Loading bay
2601807,2025-10-15 15:08:00,2025-10-15 15:08:00,1,0s,ppe:overall,C9,Warehouse
2601795,2025-10-15 15:05:38,2025-10-15 15:05:38,1,0s,ppe:overall,C9,Loading bay
2601795,2025-10-15 15:05:38,2025-10-15 15:05:38,1,0s,ppe:overall,C9,Warehouse
2601778,2025-10-15 15:01:10,2025-10-15 15:01:10,1,0s,ppe:overall,C9,Warehouse
2601778,2025-10-15 15:01:10,2025-10-15 15:01:10,1,0s,ppe:overall,C9,Loading bay
2601774,2025-10-15 14:59:00,2025-10-15 14:59:04,2,4s,ppe:overall,C26,Loading bay
2601774,2025-10-15 14:59:00,2025-10-15 14:59:04,2,4s,ppe:overall,C26,Warehouse
2601771,2025-10-15 14:57:17,2025-10-15 14:57:17,1,0s,ppe:overall,C9,Warehouse
2601771,2025-10-15 14:57:17,2025-10-15 14:57:17,1,0s,ppe:overall,C9,Loading bay
2601770,2025-10-15 14:57:00,2025-10-15 14:57:00,1,0s,ppe:overall,C9,Loading bay
2601770,2025-10-15 14:57:00,2025-10-15 14:57:00,1,0s,ppe:overall,C9,Warehouse
2601758,2025-10-15 14:54:24,2025-10-15 14:54:24,1,0s,ppe:overall,C9,Loading bay
2601758,2025-10-15 14:54:24,2025-10-15 14:54:24,1,0s,ppe:overall,C9,Warehouse
2601757,2025-10-15 14:54:14,2025-10-15 14:54:18,2,3s,ppe:overall,C9,Loading bay
2601757,2025-10-15 14:54:14,2025-10-15 14:54:18,2,3s,ppe:overall,C9,Warehouse
2601756,2025-10-15 14:54:06,2025-10-15 14:54:06,1,0s,ppe:overall,C9,Loading bay
2601756,2025-10-15 14:54:06,2025-10-15 14:54:06,1,0s,ppe:overall,C9,Warehouse
2601755,2025-10-15 14:54:00,2025-10-15 14:54:00,1,0s,ppe:overall,C9,Loading bay
2601755,2025-10-15 14:54:00,2025-10-15 14:54:00,1,0s,ppe:overall,C9,Warehouse
2601753,2025-10-15 14:53:45,2025-10-15 14:53:53,3,8s,ppe:overall,C9,Loading bay
2601753,2025-10-15 14:53:45,2025-10-15 14:53:53,3,8s,ppe:overall,C9,Warehouse
2601751,2025-10-15 14:53:39,2025-10-15 14:53:39,1,0s,ppe:overall,C9,Warehouse
2601751,2025-10-15 14:53:39,2025-10-15 14:53:39,1,0s,ppe:overall,C9,Loading bay
2601750,2025-10-15 14:52:56,2025-10-15 14:53:12,4,16s,ppe:overall,C9,Loading bay
2601750,2025-10-15 14:52:56,2025-10-15 14:53:12,4,16s,ppe:overall,C9,Warehouse
2601749,2025-10-15 14:52:52,2025-10-15 14:52:52,1,0s,ppe:overall,C9,Warehouse
2601749,2025-10-15 14:52:52,2025-10-15 14:52:52,1,0s,ppe:overall,C9,Loading bay
2601743,2025-10-15 14:52:15,2025-10-15 14:52:16,4,0s,Person Near Hit,C23,Production Area (ATEX zone)
2601738,2025-10-15 14:51:03,2025-10-15 14:51:17,3,14s,ppe:overall,C26,Warehouse
2601738,2025-10-15 14:51:03,2025-10-15 14:51:17,3,14s,ppe:overall,C26,Loading bay
2601733,2025-10-15 14:50:16,2025-10-15 14:50:33,3,16s,ppe:overall,C9,Loading bay
2601733,2025-10-15 14:50:16,2025-10-15 14:50:33,3,16s,ppe:overall,C9,Warehouse
2601728,2025-10-15 14:50:04,2025-10-15 14:50:04,1,0s,ppe:overall,C9,Loading bay
2601728,2025-10-15 14:50:04,2025-10-15 14:50:04,1,0s,ppe:overall,C9,Warehouse
2601713,2025-10-15 14:44:16,2025-10-15 14:44:16,1,0s,ppe:overall,C23,Production Area (ATEX zone)
2601712,2025-10-15 14:43:53,2025-10-15 14:43:53,2,0s,Vehicle Near Hit,C26,Warehouse
2601712,2025-10-15 14:43:53,2025-10-15 14:43:53,2,0s,Vehicle Near Hit,C26,Loading bay
2601707,2025-10-15 14:41:12,2025-10-15 14:41:14,5,1s,Person Near Hit,C21,Production Area (ATEX zone)
2601654,2025-10-15 14:24:24,2025-10-15 14:24:24,1,0s,ppe:overall,C9,Warehouse
2601654,2025-10-15 14:24:24,2025-10-15 14:24:24,1,0s,ppe:overall,C9,Loading bay
2601621,2025-10-15 14:16:30,2025-10-15 14:16:38,3,8s,ppe:overall,C9,Warehouse
2601621,2025-10-15 14:16:30,2025-10-15 14:16:38,3,8s,ppe:overall,C9,Loading bay
2601620,2025-10-15 14:16:26,2025-10-15 14:16:26,1,0s,ppe:overall,C9,Warehouse
2601620,2025-10-15 14:16:26,2025-10-15 14:16:26,1,0s,ppe:overall,C9,Loading bay
2601617,2025-10-15 14:15:08,2025-10-15 14:15:19,3,10s,ppe:overall,C9,Warehouse
2601617,2025-10-15 14:15:08,2025-10-15 14:15:19,3,10s,ppe:overall,C9,Loading bay
2601444,2025-10-15 12:49:08,2025-10-15 12:49:08,1,0s,ppe:overall,C23,Production Area (ATEX zone)
2601418,2025-10-15 12:12:07,2025-10-15 12:12:13,6,5s,Person Near Hit,C23,Production Area (ATEX zone)
2601413,2025-10-15 11:43:42,2025-10-15 11:43:42,1,0s,ppe:overall,C9,Loading bay
2601413,2025-10-15 11:43:42,2025-10-15 11:43:42,1,0s,ppe:overall,C9,Warehouse
2601412,2025-10-15 11:40:21,2025-10-15 11:40:21,1,0s,ppe:overall,C9,Warehouse
2601412,2025-10-15 11:40:21,2025-10-15 11:40:21,1,0s,ppe:overall,C9,Loading bay
2601410,2025-10-15 11:39:27,2025-10-15 11:39:33,2,6s,ppe:overall,C9,Loading bay
2601410,2025-10-15 11:39:27,2025-10-15 11:39:33,2,6s,ppe:overall,C9,Warehouse
2600792,2025-10-14 17:19:08,2025-10-15 11:24:10,6,18h 5m 1s,Obstructed Pedestrian Path,C19,Production Area (ATEX zone)
2601404,2025-10-15 10:45:10,2025-10-15 10:45:10,1,0s,Person Near Hit,C28,Production Area (ATEX zone)
2601396,2025-10-15 09:52:48,2025-10-15 09:52:58,3,10s,Person Near Hit,C23,Production Area (ATEX zone)
2601392,2025-10-15 09:39:14,2025-10-15 09:39:14,1,0s,Person Near Hit,C23,Production Area (ATEX zone)
2601386,2025-10-15 09:16:51,2025-10-15 09:16:56,8,4s,Person Near Hit,C28,Production Area (ATEX zone)
2601385,2025-10-15 09:10:07,2025-10-15 09:10:08,3,0s,Vehicle Near Hit,C22,Warehouse
2601384,2025-10-15 09:04:43,2025-10-15 09:04:43,1,0s,ppe:overall,C9,Warehouse
2601384,2025-10-15 09:04:43,2025-10-15 09:04:43,1,0s,ppe:overall,C9,Loading bay
2601383,2025-10-15 09:04:02,2025-10-15 09:04:02,1,0s,Person Near Hit,C21,Production Area (ATEX zone)
2601382,2025-10-15 09:04:00,2025-10-15 09:04:00,1,0s,ppe:overall,C9,Warehouse
2601382,2025-10-15 09:04:00,2025-10-15 09:04:00,1,0s,ppe:overall,C9,Loading bay
2601381,2025-10-15 08:57:00,2025-10-15 08:57:00,1,0s,Person Near Hit,C21,Production Area (ATEX zone)
2601379,2025-10-15 08:51:54,2025-10-15 08:51:54,1,0s,Vehicle Near Hit,C22,Warehouse
2601377,2025-10-15 08:48:40,2025-10-15 08:48:56,11,16s,Person Near Hit,C22,Warehouse
2601374,2025-10-15 08:38:18,2025-10-15 08:38:20,7,2s,Person Near Hit,C20,Production Area (ATEX zone)
2601373,2025-10-15 08:35:58,2025-10-15 08:36:27,16,28s,Person Near Hit,C23,Production Area (ATEX zone)
2601371,2025-10-15 08:28:47,2025-10-15 08:29:06,5,18s,Person Near Hit,C23,Production Area (ATEX zone)
2600782,2025-10-14 17:16:35,2025-10-14 17:16:35,1,0s,ppe:overall,C23,Production Area (ATEX zone)
2600766,2025-10-14 17:07:05,2025-10-14 17:07:05,1,0s,Person Near Hit,C26,Loading bay
2600766,2025-10-14 17:07:05,2025-10-14 17:07:05,1,0s,Person Near Hit,C26,Warehouse
2600757,2025-10-14 17:03:54,2025-10-14 17:03:54,1,0s,ppe:overall,C23,Production Area (ATEX zone)
2600702,2025-10-14 16:46:27,2025-10-14 16:46:27,2,0s,Person Near Hit,C23,Production Area (ATEX zone)
2600543,2025-10-14 15:23:29,2025-10-14 16:26:12,2,1h 2m 42s,Obstructed Vehicle Path,C22,Warehouse
2600412,2025-10-14 14:14:39,2025-10-14 16:16:30,3,2h 1m 51s,Obstructed Pedestrian Path,C19,Production Area (ATEX zone)
2600609,2025-10-14 15:49:39,2025-10-14 15:49:39,1,0s,ppe:overall,C23,Production Area (ATEX zone)
2600606,2025-10-14 15:48:21,2025-10-14 15:48:21,1,0s,Person Near Hit,C23,Production Area (ATEX zone)
2600595,2025-10-14 15:36:57,2025-10-14 15:36:58,2,0s,Person Near Hit,C21,Production Area (ATEX zone)
2600594,2025-10-14 15:36:12,2025-10-14 15:36:18,15,5s,Person Near Hit,C23,Production Area (ATEX zone)
2600535,2025-10-14 15:21:54,2025-10-14 15:22:01,5,7s,Person Near Hit,C23,Production Area (ATEX zone)
2600483,2025-10-14 14:57:30,2025-10-14 14:57:31,2,0s,Person Near Hit,C23,Production Area (ATEX zone)
2600482,2025-10-14 14:57:10,2025-10-14 14:57:15,2,4s,ppe:overall,C9,Warehouse
2600482,2025-10-14 14:57:10,2025-10-14 14:57:15,2,4s,ppe:overall,C9,Loading bay
2600481,2025-10-14 14:56:41,2025-10-14 14:56:41,1,0s,ppe:overall,C9,Warehouse
2600481,2025-10-14 14:56:41,2025-10-14 14:56:41,1,0s,ppe:overall,C9,Loading bay
2600478,2025-10-14 14:56:26,2025-10-14 14:56:26,1,0s,ppe:overall,C26,Warehouse
2600478,2025-10-14 14:56:26,2025-10-14 14:56:26,1,0s,ppe:overall,C26,Loading bay
2600477,2025-10-14 14:55:49,2025-10-14 14:55:49,1,0s,ppe:overall,C9,Warehouse
2600477,2025-10-14 14:55:49,2025-10-14 14:55:49,1,0s,ppe:overall,C9,Loading bay
2600475,2025-10-14 14:55:30,2025-10-14 14:55:42,3,12s,ppe:overall,C9,Loading bay
2600475,2025-10-14 14:55:30,2025-10-14 14:55:42,3,12s,ppe:overall,C9,Warehouse
2600474,2025-10-14 14:55:13,2025-10-14 14:55:26,4,12s,ppe:overall,C9,Warehouse
2600474,2025-10-14 14:55:13,2025-10-14 14:55:26,4,12s,ppe:overall,C9,Loading bay
2600473,2025-10-14 14:55:05,2025-10-14 14:55:09,2,4s,ppe:overall,C9,Warehouse
2600473,2025-10-14 14:55:05,2025-10-14 14:55:09,2,4s,ppe:overall,C9,Loading bay
2600472,2025-10-14 14:54:36,2025-10-14 14:54:40,2,3s,ppe:overall,C9,Loading bay
2600472,2025-10-14 14:54:36,2025-10-14 14:54:40,2,3s,ppe:overall,C9,Warehouse
2600470,2025-10-14 14:54:15,2025-10-14 14:54:19,2,4s,ppe:overall,C9,Loading bay
2600470,2025-10-14 14:54:15,2025-10-14 14:54:19,2,4s,ppe:overall,C9,Warehouse
2600469,2025-10-14 14:54:11,2025-10-14 14:54:11,1,0s,ppe:overall,C9,Loading bay
2600469,2025-10-14 14:54:11,2025-10-14 14:54:11,1,0s,ppe:overall,C9,Warehouse
2600468,2025-10-14 14:54:05,2025-10-14 14:54:05,1,0s,ppe:overall,C9,Loading bay
2600468,2025-10-14 14:54:05,2025-10-14 14:54:05,1,0s,ppe:overall,C9,Warehouse
2600467,2025-10-14 14:53:59,2025-10-14 14:53:59,1,0s,ppe:overall,C9,Warehouse
2600467,2025-10-14 14:53:59,2025-10-14 14:53:59,1,0s,ppe:overall,C9,Loading bay
2600463,2025-10-14 14:51:54,2025-10-14 14:51:54,1,0s,ppe:overall,C9,Loading bay
2600463,2025-10-14 14:51:54,2025-10-14 14:51:54,1,0s,ppe:overall,C9,Warehouse
2600462,2025-10-14 14:51:46,2025-10-14 14:51:50,2,4s,ppe:overall,C9,Warehouse
2600462,2025-10-14 14:51:46,2025-10-14 14:51:50,2,4s,ppe:overall,C9,Loading bay
2600461,2025-10-14 14:51:06,2025-10-14 14:51:40,9,33s,ppe:overall,C9,Loading bay
2600461,2025-10-14 14:51:06,2025-10-14 14:51:40,9,33s,ppe:overall,C9,Warehouse
2600449,2025-10-14 14:44:19,2025-10-14 14:44:19,1,0s,ppe:overall,C9,Warehouse
2600449,2025-10-14 14:44:19,2025-10-14 14:44:19,1,0s,ppe:overall,C9,Loading bay
2600448,2025-10-14 14:44:10,2025-10-14 14:44:14,2,4s,ppe:overall,C9,Warehouse
2600448,2025-10-14 14:44:10,2025-10-14 14:44:14,2,4s,ppe:overall,C9,Loading bay
2600446,2025-10-14 14:43:22,2025-10-14 14:43:57,9,35s,ppe:overall,C9,Loading bay
2600446,2025-10-14 14:43:22,2025-10-14 14:43:57,9,35s,ppe:overall,C9,Warehouse
2600444,2025-10-14 14:42:13,2025-10-14 14:43:18,14,1m 4s,ppe:overall,C9,Loading bay
2600444,2025-10-14 14:42:13,2025-10-14 14:43:18,14,1m 4s,ppe:overall,C9,Warehouse
2600443,2025-10-14 14:41:54,2025-10-14 14:42:03,3,8s,ppe:overall,C9,Warehouse
2600443,2025-10-14 14:41:54,2025-10-14 14:42:03,3,8s,ppe:overall,C9,Loading bay
2600434,2025-10-14 14:36:06,2025-10-14 14:36:06,1,0s,Person Near Hit,C23,Production Area (ATEX zone)
2600416,2025-10-14 14:23:13,2025-10-14 14:23:13,1,0s,Vehicle Near Hit,C22,Warehouse
2587795,2025-10-13 15:35:49,2025-10-14 13:14:35,4,21h 38m 45s,Obstructed Pedestrian Path,C19,Production Area (ATEX zone)
2600246,2025-10-14 12:14:05,2025-10-14 12:15:30,3,1m 24s,Vehicle Near Hit,C22,Warehouse
2600247,2025-10-14 12:14:17,2025-10-14 12:14:17,1,0s,Person Near Hit,C22,Warehouse
2600241,2025-10-14 12:09:41,2025-10-14 12:11:32,7,1m 50s,ppe:overall,C9,Warehouse
2600241,2025-10-14 12:09:41,2025-10-14 12:11:32,7,1m 50s,ppe:overall,C9,Loading bay
2600239,2025-10-14 12:08:48,2025-10-14 12:08:48,1,0s,Person Near Hit,C9,Loading bay
2600239,2025-10-14 12:08:48,2025-10-14 12:08:48,1,0s,Person Near Hit,C9,Warehouse
2600235,2025-10-14 12:04:00,2025-10-14 12:04:01,2,0s,Person Near Hit,C9,Warehouse
2600235,2025-10-14 12:04:00,2025-10-14 12:04:01,2,0s,Person Near Hit,C9,Loading bay
2600232,2025-10-14 11:57:58,2025-10-14 11:57:59,5,1s,Person Near Hit,C20,Production Area (ATEX zone)
2600230,2025-10-14 11:51:29,2025-10-14 11:51:29,1,0s,Person Near Hit,C20,Production Area (ATEX zone)
2600220,2025-10-14 11:41:14,2025-10-14 11:41:18,7,3s,Person Near Hit,C23,Production Area (ATEX zone)
2600219,2025-10-14 11:37:23,2025-10-14 11:37:23,1,0s,Person Near Hit,C23,Production Area (ATEX zone)
2600217,2025-10-14 11:25:46,2025-10-14 11:25:46,1,0s,ppe:overall,C9,Loading bay
2600217,2025-10-14 11:25:46,2025-10-14 11:25:46,1,0s,ppe:overall,C9,Warehouse
2600215,2025-10-14 11:25:09,2025-10-14 11:25:09,2,0s,Person Near Hit,C9,Warehouse
2600215,2025-10-14 11:25:09,2025-10-14 11:25:09,2,0s,Person Near Hit,C9,Loading bay
2600212,2025-10-14 11:18:28,2025-10-14 11:18:28,1,0s,Person Near Hit,C21,Production Area (ATEX zone)
2600205,2025-10-14 11:12:49,2025-10-14 11:12:50,4,0s,Person Near Hit,C9,Warehouse
2600205,2025-10-14 11:12:49,2025-10-14 11:12:50,4,0s,Person Near Hit,C9,Loading bay
2600204,2025-10-14 11:11:10,2025-10-14 11:11:10,1,0s,Obstructed Pedestrian Path,C19,Production Area (ATEX zone)
2600203,2025-10-14 11:06:20,2025-10-14 11:06:20,1,0s,Person Near Hit,C9,Warehouse
2600203,2025-10-14 11:06:20,2025-10-14 11:06:20,1,0s,Person Near Hit,C9,Loading bay
2600202,2025-10-14 10:59:55,2025-10-14 10:59:55,1,0s,ppe:overall,C9,Loading bay
2600202,2025-10-14 10:59:55,2025-10-14 10:59:55,1,0s,ppe:overall,C9,Warehouse
2600199,2025-10-14 10:47:31,2025-10-14 10:48:43,4,1m 12s,Person Near Hit,C9,Loading bay
2600199,2025-10-14 10:47:31,2025-10-14 10:48:43,4,1m 12s,Person Near Hit,C9,Warehouse
2600183,2025-10-14 10:00:59,2025-10-14 10:00:59,1,0s,Person Near Hit,C9,Loading bay
2600183,2025-10-14 10:00:59,2025-10-14 10:00:59,1,0s,Person Near Hit,C9,Warehouse
2600174,2025-10-14 09:53:03,2025-10-14 09:53:03,1,0s,ppe:overall,C9,Warehouse
2600174,2025-10-14 09:53:03,2025-10-14 09:53:03,1,0s,ppe:overall,C9,Loading bay
2600173,2025-10-14 09:52:53,2025-10-14 09:52:53,1,0s,ppe:overall,C9,Loading bay
2600173,2025-10-14 09:52:53,2025-10-14 09:52:53,1,0s,ppe:overall,C9,Warehouse
2600172,2025-10-14 09:52:22,2025-10-14 09:52:47,4,24s,ppe:overall,C9,Warehouse
2600172,2025-10-14 09:52:22,2025-10-14 09:52:47,4,24s,ppe:overall,C9,Loading bay
2600171,2025-10-14 09:50:53,2025-10-14 09:50:53,1,0s,ppe:overall,C9,Warehouse
2600171,2025-10-14 09:50:53,2025-10-14 09:50:53,1,0s,ppe:overall,C9,Loading bay
2600170,2025-10-14 09:50:45,2025-10-14 09:50:45,1,0s,ppe:overall,C9,Warehouse
2600170,2025-10-14 09:50:45,2025-10-14 09:50:45,1,0s,ppe:overall,C9,Loading bay
2600169,2025-10-14 09:49:28,2025-10-14 09:49:28,1,0s,ppe:overall,C9,Warehouse
2600169,2025-10-14 09:49:28,2025-10-14 09:49:28,1,0s,ppe:overall,C9,Loading bay
2600167,2025-10-14 09:33:01,2025-10-14 09:33:02,2,0s,Person Near Hit,C23,Production Area (ATEX zone)
2600160,2025-10-14 08:47:32,2025-10-14 08:47:40,4,8s,Person Near Hit,C28,Production Area (ATEX zone)
2600159,2025-10-14 08:44:48,2025-10-14 08:45:06,6,17s,Person Near Hit,C20,Production Area (ATEX zone)
2587985,2025-10-13 17:11:05,2025-10-13 17:11:05,1,0s,Vehicle Near Hit,C23,Production Area (ATEX zone)
2587941,2025-10-13 16:54:00,2025-10-13 16:54:00,3,0s,Person Near Hit,C22,Warehouse
2587889,2025-10-13 16:30:22,2025-10-13 16:30:22,4,0s,Person Near Hit,C23,Production Area (ATEX zone)
2587885,2025-10-13 16:25:32,2025-10-13 16:25:32,1,0s,Obstructed Vehicle Path,C22,Warehouse
2587880,2025-10-13 16:23:27,2025-10-13 16:23:27,1,0s,Obstructed Vehicle Path,C22,Warehouse
2587874,2025-10-13 16:17:12,2025-10-13 16:17:12,1,0s,Obstructed Vehicle Path,C22,Warehouse
2587833,2025-10-13 15:57:48,2025-10-13 15:57:48,2,0s,Person Near Hit,C23,Production Area (ATEX zone)
2587816,2025-10-13 15:44:45,2025-10-13 15:44:45,1,0s,ppe:overall,C9,Warehouse
2587816,2025-10-13 15:44:45,2025-10-13 15:44:45,1,0s,ppe:overall,C9,Loading bay
2587815,2025-10-13 15:44:39,2025-10-13 15:44:39,1,0s,ppe:overall,C9,Warehouse
2587815,2025-10-13 15:44:39,2025-10-13 15:44:39,1,0s,ppe:overall,C9,Loading bay
2587813,2025-10-13 15:44:03,2025-10-13 15:44:07,2,4s,ppe:overall,C9,Warehouse
2587813,2025-10-13 15:44:03,2025-10-13 15:44:07,2,4s,ppe:overall,C9,Loading bay
2587812,2025-10-13 15:43:59,2025-10-13 15:43:59,1,0s,ppe:overall,C9,Loading bay
2587812,2025-10-13 15:43:59,2025-10-13 15:43:59,1,0s,ppe:overall,C9,Warehouse
2587808,2025-10-13 15:41:47,2025-10-13 15:42:00,3,12s,ppe:overall,C9,Warehouse
2587808,2025-10-13 15:41:47,2025-10-13 15:42:00,3,12s,ppe:overall,C9,Loading bay
2587807,2025-10-13 15:41:39,2025-10-13 15:41:39,1,0s,ppe:overall,C9,Warehouse
2587807,2025-10-13 15:41:39,2025-10-13 15:41:39,1,0s,ppe:overall,C9,Loading bay
2587804,2025-10-13 15:39:43,2025-10-13 15:39:43,1,0s,ppe:overall,C9,Warehouse
2587804,2025-10-13 15:39:43,2025-10-13 15:39:43,1,0s,ppe:overall,C9,Loading bay
2587803,2025-10-13 15:39:36,2025-10-13 15:39:36,1,0s,ppe:overall,C9,Loading bay
2587803,2025-10-13 15:39:36,2025-10-13 15:39:36,1,0s,ppe:overall,C9,Warehouse
2587802,2025-10-13 15:39:13,2025-10-13 15:39:16,10,3s,Person Near Hit,C22,Warehouse
2587801,2025-10-13 15:38:10,2025-10-13 15:38:12,5,2s,Person Near Hit,C22,Warehouse
2587787,2025-10-13 15:30:32,2025-10-13 15:30:32,1,0s,ppe:overall,C9,Loading bay
2587787,2025-10-13 15:30:32,2025-10-13 15:30:32,1,0s,ppe:overall,C9,Warehouse
2587785,2025-10-13 15:29:51,2025-10-13 15:29:51,1,0s,ppe:overall,C26,Loading bay
2587785,2025-10-13 15:29:51,2025-10-13 15:29:51,1,0s,ppe:overall,C26,Warehouse
2587783,2025-10-13 15:29:06,2025-10-13 15:29:06,1,0s,ppe:overall,C9,Warehouse
2587783,2025-10-13 15:29:06,2025-10-13 15:29:06,1,0s,ppe:overall,C9,Loading bay
2587760,2025-10-13 15:15:16,2025-10-13 15:15:16,3,0s,Person Near Hit,C26,Warehouse
2587760,2025-10-13 15:15:16,2025-10-13 15:15:16,3,0s,Person Near Hit,C26,Loading bay
2587759,2025-10-13 15:15:15,2025-10-13 15:15:16,5,1s,Person Near Hit,C9,Loading bay
2587759,2025-10-13 15:15:15,2025-10-13 15:15:16,5,1s,Person Near Hit,C9,Warehouse
2587758,2025-10-13 15:15:04,2025-10-13 15:15:12,3,8s,ppe:overall,C9,Warehouse
2587758,2025-10-13 15:15:04,2025-10-13 15:15:12,3,8s,ppe:overall,C9,Loading bay
2587756,2025-10-13 15:14:41,2025-10-13 15:14:41,1,0s,ppe:overall,C9,Warehouse
2587756,2025-10-13 15:14:41,2025-10-13 15:14:41,1,0s,ppe:overall,C9,Loading bay
2587739,2025-10-13 15:04:06,2025-10-13 15:04:06,1,0s,Person Near Hit,C31,Production Area (ATEX zone)
2587731,2025-10-13 15:01:55,2025-10-13 15:01:55,1,0s,Vehicle Near Hit,C22,Warehouse
2587730,2025-10-13 15:01:42,2025-10-13 15:01:42,1,0s,ppe:overall,C9,Warehouse
2587730,2025-10-13 15:01:42,2025-10-13 15:01:42,1,0s,ppe:overall,C9,Loading bay
2587692,2025-10-13 14:52:06,2025-10-13 14:52:06,1,0s,ppe:overall,C9,Warehouse
2587692,2025-10-13 14:52:06,2025-10-13 14:52:06,1,0s,ppe:overall,C9,Loading bay
2587691,2025-10-13 14:52:05,2025-10-13 14:52:05,1,0s,Person Near Hit,C23,Production Area (ATEX zone)
2587689,2025-10-13 14:51:13,2025-10-13 14:51:13,1,0s,ppe:overall,C9,Loading bay
2587689,2025-10-13 14:51:13,2025-10-13 14:51:13,1,0s,ppe:overall,C9,Warehouse
2587687,2025-10-13 14:50:32,2025-10-13 14:50:32,1,0s,Person Near Hit,C23,Production Area (ATEX zone)
2587682,2025-10-13 14:49:01,2025-10-13 14:49:01,2,0s,Vehicle Near Hit,C9,Warehouse
2587682,2025-10-13 14:49:01,2025-10-13 14:49:01,2,0s,Vehicle Near Hit,C9,Loading bay
2587658,2025-10-13 14:42:43,2025-10-13 14:42:43,1,0s,ppe:overall,C9,Loading bay
2587658,2025-10-13 14:42:43,2025-10-13 14:42:43,1,0s,ppe:overall,C9,Warehouse
2587654,2025-10-13 14:41:41,2025-10-13 14:41:53,3,12s,ppe:overall,C9,Loading bay
2587654,2025-10-13 14:41:41,2025-10-13 14:41:53,3,12s,ppe:overall,C9,Warehouse
2587653,2025-10-13 14:41:29,2025-10-13 14:41:33,2,4s,ppe:overall,C9,Loading bay
2587653,2025-10-13 14:41:29,2025-10-13 14:41:33,2,4s,ppe:overall,C9,Warehouse
2587651,2025-10-13 14:41:08,2025-10-13 14:41:25,3,16s,ppe:overall,C9,Warehouse
2587651,2025-10-13 14:41:08,2025-10-13 14:41:25,3,16s,ppe:overall,C9,Loading bay
2587648,2025-10-13 14:40:33,2025-10-13 14:40:33,3,0s,Person Near Hit,C21,Production Area (ATEX zone)
2587644,2025-10-13 14:38:42,2025-10-13 14:38:42,1,0s,Person Near Hit,C23,Production Area (ATEX zone)
2587643,2025-10-13 14:38:26,2025-10-13 14:38:26,1,0s,Person Near Hit,C21,Production Area (ATEX zone)
2587642,2025-10-13 14:38:08,2025-10-13 14:38:08,2,0s,Person Near Hit,C20,Production Area (ATEX zone)
2587637,2025-10-13 14:36:34,2025-10-13 14:36:34,1,0s,ppe:overall,C9,Loading bay
2587637,2025-10-13 14:36:34,2025-10-13 14:36:34,1,0s,ppe:overall,C9,Warehouse
2587636,2025-10-13 14:35:43,2025-10-13 14:36:01,4,18s,ppe:overall,C9,Loading bay
2587636,2025-10-13 14:35:43,2025-10-13 14:36:01,4,18s,ppe:overall,C9,Warehouse
2587630,2025-10-13 14:33:32,2025-10-13 14:33:32,1,0s,ppe:overall,C9,Warehouse
2587630,2025-10-13 14:33:32,2025-10-13 14:33:32,1,0s,ppe:overall,C9,Loading bay
2587629,2025-10-13 14:33:04,2025-10-13 14:33:06,3,1s,Person Near Hit,C31,Production Area (ATEX zone)
2587628,2025-10-13 14:31:47,2025-10-13 14:31:47,1,0s,Person Near Hit,C24,Filling Balance
2587626,2025-10-13 14:31:30,2025-10-13 14:31:30,1,0s,ppe:overall,C9,Warehouse
2587626,2025-10-13 14:31:30,2025-10-13 14:31:30,1,0s,ppe:overall,C9,Loading bay
2587625,2025-10-13 14:31:22,2025-10-13 14:31:22,1,0s,ppe:overall,C9,Warehouse
2587625,2025-10-13 14:31:22,2025-10-13 14:31:22,1,0s,ppe:overall,C9,Loading bay
2587624,2025-10-13 14:31:14,2025-10-13 14:31:14,1,0s,ppe:overall,C9,Warehouse
2587624,2025-10-13 14:31:14,2025-10-13 14:31:14,1,0s,ppe:overall,C9,Loading bay
2587601,2025-10-13 14:19:50,2025-10-13 14:21:13,7,1m 23s,ppe:overall,C9,Warehouse
2587601,2025-10-13 14:19:50,2025-10-13 14:21:13,7,1m 23s,ppe:overall,C9,Loading bay
2587591,2025-10-13 14:14:41,2025-10-13 14:14:43,4,1s,Person Near Hit,C21,Production Area (ATEX zone)
2587589,2025-10-13 14:14:14,2025-10-13 14:14:14,1,0s,Person Near Hit,C21,Production Area (ATEX zone)
2587583,2025-10-13 14:11:03,2025-10-13 14:11:39,8,36s,Person Near Hit,C23,Production Area (ATEX zone)
2587479,2025-10-13 12:50:10,2025-10-13 12:50:10,1,0s,ppe:overall,C26,Warehouse
2587479,2025-10-13 12:50:10,2025-10-13 12:50:10,1,0s,ppe:overall,C26,Loading bay
2587474,2025-10-13 12:42:33,2025-10-13 12:42:33,1,0s,ppe:overall,C9,Warehouse
2587474,2025-10-13 12:42:33,2025-10-13 12:42:33,1,0s,ppe:overall,C9,Loading bay
2587468,2025-10-13 12:38:29,2025-10-13 12:38:34,2,5s,Person Near Hit,C21,Production Area (ATEX zone)
2587463,2025-10-13 12:37:38,2025-10-13 12:37:40,6,1s,Person Near Hit,C20,Production Area (ATEX zone)
2587445,2025-10-13 12:06:58,2025-10-13 12:06:59,3,0s,Person Near Hit,C21,Production Area (ATEX zone)
2587443,2025-10-13 11:59:19,2025-10-13 11:59:52,8,32s,Person Near Hit,C21,Production Area (ATEX zone)
2587440,2025-10-13 11:46:52,2025-10-13 11:46:52,1,0s,Person Near Hit,C9,Loading bay
2587440,2025-10-13 11:46:52,2025-10-13 11:46:52,1,0s,Person Near Hit,C9,Warehouse
2587438,2025-10-13 11:37:11,2025-10-13 11:37:45,20,34s,Person Near Hit,C23,Production Area (ATEX zone)
2587435,2025-10-13 11:26:36,2025-10-13 11:26:37,5,1s,Vehicle Near Hit,C22,Warehouse
2587430,2025-10-13 11:02:54,2025-10-13 11:02:54,1,0s,ppe:overall,C9,Loading bay
2587430,2025-10-13 11:02:54,2025-10-13 11:02:54,1,0s,ppe:overall,C9,Warehouse
2587427,2025-10-13 11:00:07,2025-10-13 11:00:07,1,0s,ppe:overall,C9,Loading bay
2587427,2025-10-13 11:00:07,2025-10-13 11:00:07,1,0s,ppe:overall,C9,Warehouse
2587426,2025-10-13 10:59:53,2025-10-13 10:59:53,1,0s,ppe:overall,C9,Warehouse
2587426,2025-10-13 10:59:53,2025-10-13 10:59:53,1,0s,ppe:overall,C9,Loading bay
2587425,2025-10-13 10:59:44,2025-10-13 10:59:44,1,0s,ppe:overall,C9,Warehouse
2587425,2025-10-13 10:59:44,2025-10-13 10:59:44,1,0s,ppe:overall,C9,Loading bay
2587424,2025-10-13 10:59:30,2025-10-13 10:59:30,1,0s,ppe:overall,C9,Loading bay
2587424,2025-10-13 10:59:30,2025-10-13 10:59:30,1,0s,ppe:overall,C9,Warehouse
2587422,2025-10-13 10:55:48,2025-10-13 10:55:48,1,0s,ppe:overall,C9,Warehouse
2587422,2025-10-13 10:55:48,2025-10-13 10:55:48,1,0s,ppe:overall,C9,Loading bay
2587421,2025-10-13 10:55:32,2025-10-13 10:55:36,2,4s,ppe:overall,C9,Loading bay
2587421,2025-10-13 10:55:32,2025-10-13 10:55:36,2,4s,ppe:overall,C9,Warehouse
2587417,2025-10-13 10:51:19,2025-10-13 10:52:01,10,41s,Person Near Hit,C20,Production Area (ATEX zone)
2587419,2025-10-13 10:51:25,2025-10-13 10:51:25,1,0s,ppe:overall,C9,Loading bay
2587419,2025-10-13 10:51:25,2025-10-13 10:51:25,1,0s,ppe:overall,C9,Warehouse
2587418,2025-10-13 10:51:21,2025-10-13 10:51:21,1,0s,Person Near Hit,C23,Production Area (ATEX zone)
2587416,2025-10-13 10:51:12,2025-10-13 10:51:12,1,0s,ppe:overall,C9,Loading bay
2587416,2025-10-13 10:51:12,2025-10-13 10:51:12,1,0s,ppe:overall,C9,Warehouse
2587415,2025-10-13 10:49:58,2025-10-13 10:49:58,1,0s,ppe:overall,C9,Warehouse
2587415,2025-10-13 10:49:58,2025-10-13 10:49:58,1,0s,ppe:overall,C9,Loading bay
2587413,2025-10-13 10:48:44,2025-10-13 10:48:45,3,0s,Vehicle Near Hit,C22,Warehouse
2587409,2025-10-13 10:45:26,2025-10-13 10:45:27,4,0s,Person Near Hit,C19,Production Area (ATEX zone)
2587405,2025-10-13 10:40:11,2025-10-13 10:40:11,2,0s,Vehicle Near Hit,C20,Production Area (ATEX zone)
2587402,2025-10-13 10:39:26,2025-10-13 10:39:27,4,1s,Person Near Hit,C23,Production Area (ATEX zone)
2587404,2025-10-13 10:39:14,2025-10-13 10:39:14,1,0s,Obstructed Vehicle Path,C22,Warehouse
2587401,2025-10-13 10:38:47,2025-10-13 10:38:49,4,1s,Vehicle Near Hit,C20,Production Area (ATEX zone)
2587400,2025-10-13 10:37:40,2025-10-13 10:37:40,2,0s,Vehicle Near Hit,C20,Production Area (ATEX zone)
2587399,2025-10-13 10:35:32,2025-10-13 10:35:34,4,2s,Person Near Hit,C31,Production Area (ATEX zone)
2587398,2025-10-13 10:34:26,2025-10-13 10:34:26,1,0s,Person Near Hit,C9,Loading bay
2587398,2025-10-13 10:34:26,2025-10-13 10:34:26,1,0s,Person Near Hit,C9,Warehouse
2587397,2025-10-13 10:34:02,2025-10-13 10:34:02,1,0s,ppe:overall,C9,Loading bay
2587397,2025-10-13 10:34:02,2025-10-13 10:34:02,1,0s,ppe:overall,C9,Warehouse
2587395,2025-10-13 10:33:48,2025-10-13 10:33:52,2,4s,ppe:overall,C9,Loading bay
2587395,2025-10-13 10:33:48,2025-10-13 10:33:52,2,4s,ppe:overall,C9,Warehouse
2587394,2025-10-13 10:33:34,2025-10-13 10:33:34,1,0s,ppe:overall,C9,Warehouse
2587394,2025-10-13 10:33:34,2025-10-13 10:33:34,1,0s,ppe:overall,C9,Loading bay
2587393,2025-10-13 10:27:15,2025-10-13 10:27:15,1,0s,ppe:overall,C9,Loading bay
2587393,2025-10-13 10:27:15,2025-10-13 10:27:15,1,0s,ppe:overall,C9,Warehouse
2587381,2025-10-13 09:49:42,2025-10-13 09:49:42,1,0s,Person Near Hit,C21,Production Area (ATEX zone)
2587380,2025-10-13 09:35:07,2025-10-13 09:35:07,1,0s,ppe:overall,C9,Warehouse
2587380,2025-10-13 09:35:07,2025-10-13 09:35:07,1,0s,ppe:overall,C9,Loading bay
2587379,2025-10-13 09:35:02,2025-10-13 09:35:02,1,0s,ppe:overall,C26,Warehouse
2587379,2025-10-13 09:35:02,2025-10-13 09:35:02,1,0s,ppe:overall,C26,Loading bay
2587378,2025-10-13 09:29:37,2025-10-13 09:29:37,1,0s,ppe:overall,C9,Warehouse
2587378,2025-10-13 09:29:37,2025-10-13 09:29:37,1,0s,ppe:overall,C9,Loading bay
2587377,2025-10-13 09:29:06,2025-10-13 09:29:06,1,0s,ppe:overall,C9,Loading bay
2587377,2025-10-13 09:29:06,2025-10-13 09:29:06,1,0s,ppe:overall,C9,Warehouse
2587376,2025-10-13 09:28:19,2025-10-13 09:28:19,1,0s,ppe:overall,C9,Loading bay
2587376,2025-10-13 09:28:19,2025-10-13 09:28:19,1,0s,ppe:overall,C9,Warehouse
2587375,2025-10-13 09:26:07,2025-10-13 09:26:08,6,1s,Person Near Hit,C22,Warehouse
2587374,2025-10-13 09:25:50,2025-10-13 09:25:51,5,1s,Person Near Hit,C9,Warehouse
2587374,2025-10-13 09:25:50,2025-10-13 09:25:51,5,1s,Person Near Hit,C9,Loading bay
2587373,2025-10-13 09:25:19,2025-10-13 09:25:23,2,4s,ppe:overall,C9,Warehouse
2587373,2025-10-13 09:25:19,2025-10-13 09:25:23,2,4s,ppe:overall,C9,Loading bay
2587372,2025-10-13 09:25:15,2025-10-13 09:25:15,1,0s,ppe:overall,C9,Loading bay
2587372,2025-10-13 09:25:15,2025-10-13 09:25:15,1,0s,ppe:overall,C9,Warehouse
2587371,2025-10-13 09:24:57,2025-10-13 09:24:57,1,0s,ppe:overall,C9,Warehouse
2587371,2025-10-13 09:24:57,2025-10-13 09:24:57,1,0s,ppe:overall,C9,Loading bay
2587370,2025-10-13 09:24:50,2025-10-13 09:24:50,1,0s,ppe:overall,C26,Warehouse
2587370,2025-10-13 09:24:50,2025-10-13 09:24:50,1,0s,ppe:overall,C26,Loading bay
2587369,2025-10-13 09:23:49,2025-10-13 09:23:49,1,0s,ppe:overall,C26,Loading bay
2587369,2025-10-13 09:23:49,2025-10-13 09:23:49,1,0s,ppe:overall,C26,Warehouse
2587350,2025-10-13 08:50:19,2025-10-13 08:50:19,2,0s,ppe:overall,C20,Production Area (ATEX zone)
2587349,2025-10-13 08:50:01,2025-10-13 08:50:01,1,0s,ppe:overall,C20,Production Area (ATEX zone)
2568919,2025-10-11 12:27:12,2025-10-11 12:27:17,6,5s,Person Near Hit,C20,Production Area (ATEX zone)
2568910,2025-10-11 11:22:53,2025-10-11 11:22:54,4,1s,Person Near Hit,C20,Production Area (ATEX zone)
2568908,2025-10-11 10:58:19,2025-10-11 10:58:20,3,1s,Person Near Hit,C19,Production Area (ATEX zone)
2568907,2025-10-11 10:57:19,2025-10-11 10:57:24,9,5s,Person Near Hit,C19,Production Area (ATEX zone)
2568892,2025-10-11 09:56:28,2025-10-11 09:56:32,2,4s,ppe:overall,C31,Production Area (ATEX zone)
2568891,2025-10-11 09:56:15,2025-10-11 09:56:22,2,6s,ppe:overall,C23,Production Area (ATEX zone)
2568890,2025-10-11 09:54:48,2025-10-11 09:54:48,1,0s,ppe:overall,C22,Warehouse
2568889,2025-10-11 09:53:51,2025-10-11 09:53:55,2,4s,ppe:overall,C22,Warehouse
2559447,2025-10-10 17:05:27,2025-10-10 17:05:29,5,2s,Person Near Hit,C31,Production Area (ATEX zone)
2559422,2025-10-10 16:53:33,2025-10-10 16:53:33,1,0s,ppe:overall,C23,Production Area (ATEX zone)
2559420,2025-10-10 16:53:09,2025-10-10 16:53:09,2,0s,Person Near Hit,C9,Loading bay
2559420,2025-10-10 16:53:09,2025-10-10 16:53:09,2,0s,Person Near Hit,C9,Warehouse
2559344,2025-10-10 15:59:59,2025-10-10 15:59:59,2,0s,Person Near Hit,C9,Loading bay
2559344,2025-10-10 15:59:59,2025-10-10 15:59:59,2,0s,Person Near Hit,C9,Warehouse
2559319,2025-10-10 15:51:47,2025-10-10 15:51:47,2,0s,Person Near Hit,C31,Production Area (ATEX zone)
2559300,2025-10-10 15:39:23,2025-10-10 15:39:23,1,0s,Person Near Hit,C21,Production Area (ATEX zone)
2559297,2025-10-10 15:37:20,2025-10-10 15:37:20,1,0s,Obstructed Pedestrian Path,C26,Warehouse
2559297,2025-10-10 15:37:20,2025-10-10 15:37:20,1,0s,Obstructed Pedestrian Path,C26,Loading bay
2559290,2025-10-10 15:35:58,2025-10-10 15:36:01,7,3s,Vehicle Near Hit,C22,Warehouse
2559288,2025-10-10 15:35:15,2025-10-10 15:35:15,1,0s,Obstructed Pedestrian Path,C26,Warehouse
2559288,2025-10-10 15:35:15,2025-10-10 15:35:15,1,0s,Obstructed Pedestrian Path,C26,Loading bay
2559263,2025-10-10 15:16:55,2025-10-10 15:16:55,1,0s,Vehicle Near Hit,C23,Production Area (ATEX zone)
2559257,2025-10-10 15:09:48,2025-10-10 15:09:48,1,0s,ppe:overall,C23,Production Area (ATEX zone)
2559249,2025-10-10 15:05:49,2025-10-10 15:05:59,7,9s,Person Near Hit,C31,Production Area (ATEX zone)
2559241,2025-10-10 15:03:54,2025-10-10 15:03:54,1,0s,Person Near Hit,C22,Warehouse
2559240,2025-10-10 15:03:31,2025-10-10 15:03:32,3,0s,Person Near Hit,C31,Production Area (ATEX zone)
2559233,2025-10-10 14:57:43,2025-10-10 14:57:43,1,0s,Obstructed Pedestrian Path,C26,Warehouse
2559233,2025-10-10 14:57:43,2025-10-10 14:57:43,1,0s,Obstructed Pedestrian Path,C26,Loading bay
2559226,2025-10-10 14:55:12,2025-10-10 14:55:15,7,2s,Person Near Hit,C23,Production Area (ATEX zone)
2559225,2025-10-10 14:50:45,2025-10-10 14:50:48,10,2s,Person Near Hit,C22,Warehouse
2559222,2025-10-10 14:48:05,2025-10-10 14:48:05,1,0s,Vehicle Near Hit,C23,Production Area (ATEX zone)
2559221,2025-10-10 14:48:00,2025-10-10 14:48:01,2,1s,Person Near Hit,C23,Production Area (ATEX zone)
2559212,2025-10-10 14:42:08,2025-10-10 14:42:15,2,6s,ppe:overall,C9,Loading bay
2559212,2025-10-10 14:42:08,2025-10-10 14:42:15,2,6s,ppe:overall,C9,Warehouse
2559211,2025-10-10 14:42:04,2025-10-10 14:42:04,1,0s,ppe:overall,C9,Loading bay
2559211,2025-10-10 14:42:04,2025-10-10 14:42:04,1,0s,ppe:overall,C9,Warehouse
2559210,2025-10-10 14:41:38,2025-10-10 14:41:38,1,0s,ppe:overall,C9,Loading bay
2559210,2025-10-10 14:41:38,2025-10-10 14:41:38,1,0s,ppe:overall,C9,Warehouse
2559208,2025-10-10 14:40:57,2025-10-10 14:40:57,1,0s,ppe:overall,C9,Warehouse
2559208,2025-10-10 14:40:57,2025-10-10 14:40:57,1,0s,ppe:overall,C9,Loading bay
2559207,2025-10-10 14:40:37,2025-10-10 14:40:53,4,16s,ppe:overall,C9,Warehouse
2559207,2025-10-10 14:40:37,2025-10-10 14:40:53,4,16s,ppe:overall,C9,Loading bay
2559206,2025-10-10 14:40:24,2025-10-10 14:40:31,2,6s,ppe:overall,C9,Warehouse
2559206,2025-10-10 14:40:24,2025-10-10 14:40:31,2,6s,ppe:overall,C9,Loading bay
2559201,2025-10-10 14:37:31,2025-10-10 14:37:31,1,0s,ppe:overall,C9,Loading bay
2559201,2025-10-10 14:37:31,2025-10-10 14:37:31,1,0s,ppe:overall,C9,Warehouse
2559198,2025-10-10 14:36:18,2025-10-10 14:36:36,5,18s,ppe:overall,C9,Warehouse
2559198,2025-10-10 14:36:18,2025-10-10 14:36:36,5,18s,ppe:overall,C9,Loading bay
2559130,2025-10-10 12:43:59,2025-10-10 13:46:36,2,1h 2m 37s,Obstructed Vehicle Path,C22,Warehouse
2559125,2025-10-10 12:38:19,2025-10-10 12:38:30,3,10s,ppe:overall,C9,Loading bay
2559125,2025-10-10 12:38:19,2025-10-10 12:38:30,3,10s,ppe:overall,C9,Warehouse
2559123,2025-10-10 12:32:30,2025-10-10 12:32:30,1,0s,ppe:overall,C9,Warehouse
2559123,2025-10-10 12:32:30,2025-10-10 12:32:30,1,0s,ppe:overall,C9,Loading bay
2559115,2025-10-10 12:22:29,2025-10-10 12:22:47,20,17s,Person Near Hit,C9,Warehouse
2559115,2025-10-10 12:22:29,2025-10-10 12:22:47,20,17s,Person Near Hit,C9,Loading bay
2559112,2025-10-10 12:22:02,2025-10-10 12:22:02,1,0s,Person Near Hit,C9,Warehouse
2559112,2025-10-10 12:22:02,2025-10-10 12:22:02,1,0s,Person Near Hit,C9,Loading bay
2559111,2025-10-10 12:21:40,2025-10-10 12:21:58,4,18s,ppe:overall,C9,Warehouse
2559111,2025-10-10 12:21:40,2025-10-10 12:21:58,4,18s,ppe:overall,C9,Loading bay
2559109,2025-10-10 12:20:27,2025-10-10 12:20:27,1,0s,Person Near Hit,C9,Warehouse
2559109,2025-10-10 12:20:27,2025-10-10 12:20:27,1,0s,Person Near Hit,C9,Loading bay
2559099,2025-10-10 12:13:31,2025-10-10 12:13:31,1,0s,Person Near Hit,C23,Production Area (ATEX zone)
2559098,2025-10-10 12:12:56,2025-10-10 12:12:56,1,0s,ppe:overall,C9,Loading bay
2559098,2025-10-10 12:12:56,2025-10-10 12:12:56,1,0s,ppe:overall,C9,Warehouse
2559095,2025-10-10 12:10:17,2025-10-10 12:10:18,6,1s,Person Near Hit,C23,Production Area (ATEX zone)
2559080,2025-10-10 12:05:08,2025-10-10 12:05:25,2,16s,ppe:overall,C9,Warehouse
2559080,2025-10-10 12:05:08,2025-10-10 12:05:25,2,16s,ppe:overall,C9,Loading bay
2559079,2025-10-10 12:04:54,2025-10-10 12:04:58,2,4s,ppe:overall,C9,Loading bay
2559079,2025-10-10 12:04:54,2025-10-10 12:04:58,2,4s,ppe:overall,C9,Warehouse
2559078,2025-10-10 12:04:21,2025-10-10 12:04:21,1,0s,ppe:overall,C9,Warehouse
2559078,2025-10-10 12:04:21,2025-10-10 12:04:21,1,0s,ppe:overall,C9,Loading bay
2559077,2025-10-10 12:04:17,2025-10-10 12:04:17,1,0s,ppe:overall,C9,Warehouse
2559077,2025-10-10 12:04:17,2025-10-10 12:04:17,1,0s,ppe:overall,C9,Loading bay
2559076,2025-10-10 12:04:03,2025-10-10 12:04:13,3,9s,ppe:overall,C9,Loading bay
2559076,2025-10-10 12:04:03,2025-10-10 12:04:13,3,9s,ppe:overall,C9,Warehouse
2559070,2025-10-10 11:56:33,2025-10-10 11:56:33,1,0s,ppe:overall,C9,Warehouse
2559070,2025-10-10 11:56:33,2025-10-10 11:56:33,1,0s,ppe:overall,C9,Loading bay
2559069,2025-10-10 11:53:24,2025-10-10 11:53:24,1,0s,ppe:overall,C9,Warehouse
2559069,2025-10-10 11:53:24,2025-10-10 11:53:24,1,0s,ppe:overall,C9,Loading bay
2559068,2025-10-10 11:53:18,2025-10-10 11:53:18,1,0s,ppe:overall,C9,Warehouse
2559068,2025-10-10 11:53:18,2025-10-10 11:53:18,1,0s,ppe:overall,C9,Loading bay
2559067,2025-10-10 11:52:53,2025-10-10 11:53:10,3,16s,ppe:overall,C9,Warehouse
2559067,2025-10-10 11:52:53,2025-10-10 11:53:10,3,16s,ppe:overall,C9,Loading bay
2559065,2025-10-10 11:47:23,2025-10-10 11:47:38,27,14s,Vehicle Near Hit,C20,Production Area (ATEX zone)
2559057,2025-10-10 11:28:58,2025-10-10 11:28:58,2,0s,Person Near Hit,C20,Production Area (ATEX zone)
2559053,2025-10-10 11:25:11,2025-10-10 11:25:11,3,0s,Person Near Hit,C23,Production Area (ATEX zone)
2559048,2025-10-10 11:17:20,2025-10-10 11:17:21,3,0s,Person Near Hit,C24,Filling Balance
2559044,2025-10-10 11:13:12,2025-10-10 11:13:13,2,0s,Person Near Hit,C22,Warehouse
2559043,2025-10-10 11:12:35,2025-10-10 11:12:35,2,0s,Person Near Hit,C21,Production Area (ATEX zone)
2559039,2025-10-10 11:02:35,2025-10-10 11:02:36,3,1s,Person Near Hit,C21,Production Area (ATEX zone)
2559036,2025-10-10 10:44:24,2025-10-10 10:44:24,1,0s,Person Near Hit,C22,Warehouse
2559035,2025-10-10 10:37:08,2025-10-10 10:37:10,8,2s,Person Near Hit,C31,Production Area (ATEX zone)
2559031,2025-10-10 09:55:04,2025-10-10 09:55:04,1,0s,Person Near Hit,C23,Production Area (ATEX zone)
2559027,2025-10-10 09:38:30,2025-10-10 09:38:30,1,0s,Person Near Hit,C24,Filling Balance
2559024,2025-10-10 09:30:49,2025-10-10 09:30:49,2,0s,Person Near Hit,C23,Production Area (ATEX zone)
2559023,2025-10-10 09:18:01,2025-10-10 09:18:02,2,0s,Person Near Hit,C22,Warehouse
2559018,2025-10-10 08:59:14,2025-10-10 08:59:39,3,25s,Person Near Hit,C9,Loading bay
2559018,2025-10-10 08:59:14,2025-10-10 08:59:39,3,25s,Person Near Hit,C9,Warehouse
2559013,2025-10-10 08:49:16,2025-10-10 08:49:18,5,1s,Person Near Hit,C19,Production Area (ATEX zone)
2548014,2025-10-09 17:10:45,2025-10-09 17:11:03,27,18s,Person Near Hit,C31,Production Area (ATEX zone)
2547984,2025-10-09 17:03:03,2025-10-09 17:03:30,3,26s,ppe:overall,C9,Loading bay
2547984,2025-10-09 17:03:03,2025-10-09 17:03:30,3,26s,ppe:overall,C9,Warehouse
2547987,2025-10-09 17:03:25,2025-10-09 17:03:26,5,1s,Vehicle Near Hit,C23,Production Area (ATEX zone)
2547979,2025-10-09 17:02:06,2025-10-09 17:02:06,1,0s,ppe:overall,C26,Warehouse
2547979,2025-10-09 17:02:06,2025-10-09 17:02:06,1,0s,ppe:overall,C26,Loading bay
2547977,2025-10-09 17:01:00,2025-10-09 17:01:00,1,0s,ppe:overall,C9,Loading bay
2547977,2025-10-09 17:01:00,2025-10-09 17:01:00,1,0s,ppe:overall,C9,Warehouse
2547969,2025-10-09 16:59:42,2025-10-09 16:59:42,1,0s,Vehicle Near Hit,C21,Production Area (ATEX zone)
2547951,2025-10-09 16:56:48,2025-10-09 16:56:52,15,3s,Person Near Hit,C9,Loading bay
2547951,2025-10-09 16:56:48,2025-10-09 16:56:52,15,3s,Person Near Hit,C9,Warehouse
2547950,2025-10-09 16:56:47,2025-10-09 16:56:52,2,4s,ppe:overall,C9,Warehouse
2547950,2025-10-09 16:56:47,2025-10-09 16:56:52,2,4s,ppe:overall,C9,Loading bay
2547949,2025-10-09 16:56:37,2025-10-09 16:56:37,1,0s,ppe:overall,C9,Warehouse
2547949,2025-10-09 16:56:37,2025-10-09 16:56:37,1,0s,ppe:overall,C9,Loading bay
2547944,2025-10-09 16:53:05,2025-10-09 16:53:05,1,0s,ppe:overall,C9,Loading bay
2547944,2025-10-09 16:53:05,2025-10-09 16:53:05,1,0s,ppe:overall,C9,Warehouse
2547934,2025-10-09 16:51:35,2025-10-09 16:51:35,1,0s,ppe:overall,C9,Warehouse
2547934,2025-10-09 16:51:35,2025-10-09 16:51:35,1,0s,ppe:overall,C9,Loading bay
2547916,2025-10-09 16:44:42,2025-10-09 16:44:42,1,0s,ppe:overall,C9,Warehouse
2547916,2025-10-09 16:44:42,2025-10-09 16:44:42,1,0s,ppe:overall,C9,Loading bay
2547894,2025-10-09 16:40:49,2025-10-09 16:40:50,3,0s,Vehicle Near Hit,C22,Warehouse
2547887,2025-10-09 16:38:33,2025-10-09 16:38:33,1,0s,ppe:overall,C9,Warehouse
2547887,2025-10-09 16:38:33,2025-10-09 16:38:33,1,0s,ppe:overall,C9,Loading bay
2547879,2025-10-09 16:38:02,2025-10-09 16:38:06,2,4s,ppe:overall,C9,Warehouse
2547879,2025-10-09 16:38:02,2025-10-09 16:38:06,2,4s,ppe:overall,C9,Loading bay
2547876,2025-10-09 16:37:27,2025-10-09 16:37:27,1,0s,ppe:overall,C9,Loading bay
2547876,2025-10-09 16:37:27,2025-10-09 16:37:27,1,0s,ppe:overall,C9,Warehouse
2547870,2025-10-09 16:36:57,2025-10-09 16:36:57,1,0s,ppe:overall,C9,Loading bay
2547870,2025-10-09 16:36:57,2025-10-09 16:36:57,1,0s,ppe:overall,C9,Warehouse
2547853,2025-10-09 16:31:03,2025-10-09 16:31:03,1,0s,ppe:overall,C9,Loading bay
2547853,2025-10-09 16:31:03,2025-10-09 16:31:03,1,0s,ppe:overall,C9,Warehouse
2547851,2025-10-09 16:29:04,2025-10-09 16:29:04,1,0s,ppe:overall,C9,Loading bay
2547851,2025-10-09 16:29:04,2025-10-09 16:29:04,1,0s,ppe:overall,C9,Warehouse
2547850,2025-10-09 16:28:38,2025-10-09 16:28:38,1,0s,ppe:overall,C9,Loading bay
2547850,2025-10-09 16:28:38,2025-10-09 16:28:38,1,0s,ppe:overall,C9,Warehouse
2547848,2025-10-09 16:28:10,2025-10-09 16:28:10,1,0s,ppe:overall,C9,Warehouse
2547848,2025-10-09 16:28:10,2025-10-09 16:28:10,1,0s,ppe:overall,C9,Loading bay
2547847,2025-10-09 16:28:01,2025-10-09 16:28:05,2,4s,ppe:overall,C9,Loading bay
2547847,2025-10-09 16:28:01,2025-10-09 16:28:05,2,4s,ppe:overall,C9,Warehouse
2547846,2025-10-09 16:27:47,2025-10-09 16:27:55,3,8s,ppe:overall,C9,Loading bay
2547846,2025-10-09 16:27:47,2025-10-09 16:27:55,3,8s,ppe:overall,C9,Warehouse
2547754,2025-10-09 15:52:05,2025-10-09 15:52:05,1,0s,Person Near Hit,C23,Production Area (ATEX zone)
2547709,2025-10-09 15:31:16,2025-10-09 15:31:16,1,0s,Person Near Hit,C23,Production Area (ATEX zone)
2547632,2025-10-09 15:01:27,2025-10-09 15:01:27,1,0s,Person Near Hit,C23,Production Area (ATEX zone)
2547626,2025-10-09 15:00:16,2025-10-09 15:00:16,2,0s,Vehicle Near Hit,C22,Warehouse
2547582,2025-10-09 14:45:10,2025-10-09 14:45:10,1,0s,Person Near Hit,C23,Production Area (ATEX zone)
2547574,2025-10-09 14:41:21,2025-10-09 14:41:21,1,0s,ppe:overall,C9,Loading bay
2547574,2025-10-09 14:41:21,2025-10-09 14:41:21,1,0s,ppe:overall,C9,Warehouse
2547533,2025-10-09 14:23:53,2025-10-09 14:23:53,3,0s,Person Near Hit,C21,Production Area (ATEX zone)
2547519,2025-10-09 14:20:47,2025-10-09 14:20:49,4,1s,Person Near Hit,C31,Production Area (ATEX zone)
2547434,2025-10-09 14:04:04,2025-10-09 14:04:04,1,0s,Person Near Hit,C19,Production Area (ATEX zone)
2547198,2025-10-09 12:49:15,2025-10-09 12:49:15,1,0s,Person Near Hit,C26,Warehouse
2547198,2025-10-09 12:49:15,2025-10-09 12:49:15,1,0s,Person Near Hit,C26,Loading bay
2547197,2025-10-09 12:47:15,2025-10-09 12:47:24,8,8s,Person Near Hit,C9,Warehouse
2547197,2025-10-09 12:47:15,2025-10-09 12:47:24,8,8s,Person Near Hit,C9,Loading bay
2547186,2025-10-09 12:29:18,2025-10-09 12:29:19,3,0s,Person Near Hit,C23,Production Area (ATEX zone)
2547182,2025-10-09 12:21:30,2025-10-09 12:21:31,3,0s,Vehicle Near Hit,C22,Warehouse
2547174,2025-10-09 12:08:28,2025-10-09 12:08:29,3,1s,Person Near Hit,C19,Production Area (ATEX zone)
2547170,2025-10-09 12:06:53,2025-10-09 12:06:53,1,0s,ppe:overall,C24,Filling Balance
2547168,2025-10-09 12:05:47,2025-10-09 12:05:47,1,0s,ppe:overall,C26,Loading bay
2547168,2025-10-09 12:05:47,2025-10-09 12:05:47,1,0s,ppe:overall,C26,Warehouse
2547167,2025-10-09 12:03:29,2025-10-09 12:03:29,1,0s,ppe:overall,C9,Loading bay
2547167,2025-10-09 12:03:29,2025-10-09 12:03:29,1,0s,ppe:overall,C9,Warehouse
2547166,2025-10-09 12:03:14,2025-10-09 12:03:14,1,0s,ppe:overall,C9,Loading bay
2547166,2025-10-09 12:03:14,2025-10-09 12:03:14,1,0s,ppe:overall,C9,Warehouse
2547165,2025-10-09 12:01:59,2025-10-09 12:02:05,2,6s,ppe:overall,C9,Loading bay
2547165,2025-10-09 12:01:59,2025-10-09 12:02:05,2,6s,ppe:overall,C9,Warehouse
2547164,2025-10-09 12:01:47,2025-10-09 12:01:51,2,3s,ppe:overall,C9,Loading bay
2547164,2025-10-09 12:01:47,2025-10-09 12:01:51,2,3s,ppe:overall,C9,Warehouse
2547162,2025-10-09 11:59:02,2025-10-09 11:59:02,1,0s,ppe:overall,C9,Warehouse
2547162,2025-10-09 11:59:02,2025-10-09 11:59:02,1,0s,ppe:overall,C9,Loading bay
2547161,2025-10-09 11:58:24,2025-10-09 11:58:32,3,8s,ppe:overall,C9,Warehouse
2547161,2025-10-09 11:58:24,2025-10-09 11:58:32,3,8s,ppe:overall,C9,Loading bay
2547156,2025-10-09 11:53:58,2025-10-09 11:53:58,1,0s,Vehicle Near Hit,C23,Production Area (ATEX zone)
2547154,2025-10-09 11:51:39,2025-10-09 11:51:39,1,0s,ppe:overall,C9,Loading bay
2547154,2025-10-09 11:51:39,2025-10-09 11:51:39,1,0s,ppe:overall,C9,Warehouse
2547152,2025-10-09 11:47:43,2025-10-09 11:47:43,1,0s,Person Near Hit,C23,Production Area (ATEX zone)
2547146,2025-10-09 11:38:31,2025-10-09 11:38:33,5,1s,Person Near Hit,C20,Production Area (ATEX zone)
2547145,2025-10-09 11:37:43,2025-10-09 11:37:43,1,0s,Person Near Hit,C23,Production Area (ATEX zone)
2547143,2025-10-09 11:35:08,2025-10-09 11:35:09,5,1s,Vehicle Near Hit,C23,Production Area (ATEX zone)
2547139,2025-10-09 11:33:01,2025-10-09 11:33:41,2,40s,Person Near Hit,C23,Production Area (ATEX zone)
2547136,2025-10-09 11:31:32,2025-10-09 11:31:34,3,1s,Person Near Hit,C23,Production Area (ATEX zone)
2547134,2025-10-09 11:29:04,2025-10-09 11:29:04,1,0s,Person Near Hit,C21,Production Area (ATEX zone)
2547133,2025-10-09 11:27:06,2025-10-09 11:27:06,1,0s,ppe:overall,C9,Warehouse
2547133,2025-10-09 11:27:06,2025-10-09 11:27:06,1,0s,ppe:overall,C9,Loading bay
2547132,2025-10-09 11:26:49,2025-10-09 11:26:49,2,0s,Person Near Hit,C24,Filling Balance
2547131,2025-10-09 11:22:22,2025-10-09 11:22:22,1,0s,ppe:overall,C9,Loading bay
2547131,2025-10-09 11:22:22,2025-10-09 11:22:22,1,0s,ppe:overall,C9,Warehouse
2547130,2025-10-09 11:22:12,2025-10-09 11:22:13,4,0s,Vehicle Near Hit,C22,Warehouse
2547124,2025-10-09 11:14:25,2025-10-09 11:14:25,1,0s,ppe:overall,C26,Warehouse
2547124,2025-10-09 11:14:25,2025-10-09 11:14:25,1,0s,ppe:overall,C26,Loading bay
2547120,2025-10-09 11:04:32,2025-10-09 11:04:32,1,0s,Person Near Hit,C21,Production Area (ATEX zone)
2547117,2025-10-09 10:59:44,2025-10-09 10:59:45,6,1s,Vehicle Near Hit,C22,Warehouse
2547116,2025-10-09 10:59:19,2025-10-09 10:59:20,3,0s,Vehicle Near Hit,C23,Production Area (ATEX zone)
2547114,2025-10-09 10:57:17,2025-10-09 10:57:17,1,0s,ppe:overall,C9,Loading bay
2547114,2025-10-09 10:57:17,2025-10-09 10:57:17,1,0s,ppe:overall,C9,Warehouse
2547113,2025-10-09 10:56:06,2025-10-09 10:56:08,6,2s,Person Near Hit,C20,Production Area (ATEX zone)
2547111,2025-10-09 10:55:54,2025-10-09 10:55:54,1,0s,Vehicle Near Hit,C20,Production Area (ATEX zone)
2547110,2025-10-09 10:55:50,2025-10-09 10:55:50,1,0s,ppe:overall,C9,Warehouse
2547110,2025-10-09 10:55:50,2025-10-09 10:55:50,1,0s,ppe:overall,C9,Loading bay
2547108,2025-10-09 10:55:10,2025-10-09 10:55:14,2,4s,ppe:overall,C9,Warehouse
2547108,2025-10-09 10:55:10,2025-10-09 10:55:14,2,4s,ppe:overall,C9,Loading bay
2547105,2025-10-09 10:54:22,2025-10-09 10:54:22,1,0s,Person Near Hit,C23,Production Area (ATEX zone)
2547103,2025-10-09 10:53:48,2025-10-09 10:53:49,2,0s,Vehicle Near Hit,C22,Warehouse
2547102,2025-10-09 10:53:47,2025-10-09 10:53:47,1,0s,ppe:overall,C9,Warehouse
2547102,2025-10-09 10:53:47,2025-10-09 10:53:47,1,0s,ppe:overall,C9,Loading bay
2547101,2025-10-09 10:53:03,2025-10-09 10:53:16,3,13s,Person Near Hit,C23,Production Area (ATEX zone)
2547098,2025-10-09 10:50:40,2025-10-09 10:50:40,1,0s,ppe:overall,C9,Warehouse
2547098,2025-10-09 10:50:40,2025-10-09 10:50:40,1,0s,ppe:overall,C9,Loading bay
2547097,2025-10-09 10:50:20,2025-10-09 10:50:20,1,0s,ppe:overall,C9,Loading bay
2547097,2025-10-09 10:50:20,2025-10-09 10:50:20,1,0s,ppe:overall,C9,Warehouse
2547096,2025-10-09 10:49:52,2025-10-09 10:49:52,1,0s,Person Near Hit,C9,Loading bay
2547096,2025-10-09 10:49:52,2025-10-09 10:49:52,1,0s,Person Near Hit,C9,Warehouse
2547095,2025-10-09 10:48:23,2025-10-09 10:48:23,1,0s,ppe:overall,C9,Loading bay
2547095,2025-10-09 10:48:23,2025-10-09 10:48:23,1,0s,ppe:overall,C9,Warehouse
2547094,2025-10-09 10:45:34,2025-10-09 10:45:38,2,4s,ppe:overall,C9,Warehouse
2547094,2025-10-09 10:45:34,2025-10-09 10:45:38,2,4s,ppe:overall,C9,Loading bay
2547087,2025-10-09 10:42:33,2025-10-09 10:42:33,1,0s,ppe:overall,C9,Loading bay
2547087,2025-10-09 10:42:33,2025-10-09 10:42:33,1,0s,ppe:overall,C9,Warehouse
2547082,2025-10-09 10:40:06,2025-10-09 10:40:06,1,0s,Person Near Hit,C20,Production Area (ATEX zone)
2547080,2025-10-09 10:39:38,2025-10-09 10:39:42,2,4s,ppe:overall,C9,Warehouse
2547080,2025-10-09 10:39:38,2025-10-09 10:39:42,2,4s,ppe:overall,C9,Loading bay
2547079,2025-10-09 10:39:21,2025-10-09 10:39:21,1,0s,ppe:overall,C9,Warehouse
2547079,2025-10-09 10:39:21,2025-10-09 10:39:21,1,0s,ppe:overall,C9,Loading bay
2547075,2025-10-09 10:31:47,2025-10-09 10:31:47,2,0s,Person Near Hit,C23,Production Area (ATEX zone)
2547067,2025-10-09 09:59:20,2025-10-09 09:59:20,1,0s,ppe:overall,C9,Warehouse
2547067,2025-10-09 09:59:20,2025-10-09 09:59:20,1,0s,ppe:overall,C9,Loading bay
2547060,2025-10-09 09:54:23,2025-10-09 09:54:23,1,0s,ppe:overall,C9,Warehouse
2547060,2025-10-09 09:54:23,2025-10-09 09:54:23,1,0s,ppe:overall,C9,Loading bay
2547059,2025-10-09 09:53:00,2025-10-09 09:53:00,1,0s,ppe:overall,C26,Warehouse
2547059,2025-10-09 09:53:00,2025-10-09 09:53:00,1,0s,ppe:overall,C26,Loading bay
2547058,2025-10-09 09:49:18,2025-10-09 09:49:19,2,0s,Vehicle Near Hit,C20,Production Area (ATEX zone)
2547057,2025-10-09 09:46:17,2025-10-09 09:46:18,3,0s,Person Near Hit,C20,Production Area (ATEX zone)
2547056,2025-10-09 09:45:07,2025-10-09 09:45:08,2,0s,Person Near Hit,C20,Production Area (ATEX zone)
2547055,2025-10-09 09:41:28,2025-10-09 09:41:28,1,0s,Person Near Hit,C31,Production Area (ATEX zone)
2547052,2025-10-09 09:34:46,2025-10-09 09:34:46,1,0s,ppe:overall,C26,Warehouse
2547052,2025-10-09 09:34:46,2025-10-09 09:34:46,1,0s,ppe:overall,C26,Loading bay
2547051,2025-10-09 09:34:40,2025-10-09 09:34:40,1,0s,ppe:overall,C26,Loading bay
2547051,2025-10-09 09:34:40,2025-10-09 09:34:40,1,0s,ppe:overall,C26,Warehouse
2547050,2025-10-09 09:33:08,2025-10-09 09:33:08,3,0s,Vehicle Near Hit,C20,Production Area (ATEX zone)
2547048,2025-10-09 09:29:06,2025-10-09 09:29:07,3,0s,Person Near Hit,C31,Production Area (ATEX zone)
2547046,2025-10-09 09:25:58,2025-10-09 09:25:58,1,0s,Person Near Hit,C23,Production Area (ATEX zone)
2547045,2025-10-09 09:25:17,2025-10-09 09:25:17,1,0s,ppe:overall,C9,Warehouse
2547045,2025-10-09 09:25:17,2025-10-09 09:25:17,1,0s,ppe:overall,C9,Loading bay
2547044,2025-10-09 09:25:11,2025-10-09 09:25:11,1,0s,ppe:overall,C9,Loading bay
2547044,2025-10-09 09:25:11,2025-10-09 09:25:11,1,0s,ppe:overall,C9,Warehouse
2547042,2025-10-09 09:24:47,2025-10-09 09:24:47,1,0s,ppe:overall,C9,Warehouse
2547042,2025-10-09 09:24:47,2025-10-09 09:24:47,1,0s,ppe:overall,C9,Loading bay
2547041,2025-10-09 09:24:28,2025-10-09 09:24:28,2,0s,Vehicle Near Hit,C23,Production Area (ATEX zone)
2547039,2025-10-09 09:11:05,2025-10-09 09:11:05,1,0s,Vehicle Near Hit,C23,Production Area (ATEX zone)
2547038,2025-10-09 09:10:38,2025-10-09 09:10:43,5,4s,Person Near Hit,C23,Production Area (ATEX zone)
2547037,2025-10-09 09:02:01,2025-10-09 09:02:01,1,0s,Person Near Hit,C21,Production Area (ATEX zone)
2547033,2025-10-09 08:48:45,2025-10-09 08:48:46,3,0s,Person Near Hit,C23,Production Area (ATEX zone)
